response.time.s,throughput,mips
0.30,7.10,23.45
0.48,16.00,33.20
3.32,1.40,0.42
0.13,12.00,95.11
0.11,1.90,17.76
0.11,1.70,15.80
0.26,1.30,5.10
0.14,2.80,20.48
0.10,15.30,149.09
0.09,13.50,144.59
0.13,7.70,57.89
0.22,10.90,49.21
0.11,16.10,141.23
0.27,4.50,16.68
0.13,12.20,91.00
0.07,6.00,88.89
0.13,2.30,17.48
0.21,1.60,7.50
1.36,10.40,7.65
0.11,0.70,6.48
0.05,13.30,266.00
1.07,3.00,2.81
0.13,14.30,108.33
0.27,10.20,38.48
0.12,2.10,16.91
0.41,5.00,12.25
0.26,1.20,4.63
0.41,15.20,37.25
0.17,3.80,21.97
0.32,1.20,3.74
0.13,12.40,96.64
0.15,1.10,7.35
0.67,7.90,11.75
0.06,8.80,147.70
0.50,19.70,39.48
1.33,8.30,6.22
0.23,10.10,43.96
0.27,0.90,3.37
0.05,10.60,214.44
0.06,4.30,66.19
0.11,16.20,151.76
0.58,4.40,7.58
0.20,1.40,6.83
0.29,14.50,49.24
0.11,1.70,15.01
0.07,4.40,63.85
0.18,2.70,14.62
0.13,4.80,36.57
0.14,4.40,30.88
0.14,7.50,52.90
0.27,3.90,14.49
0.23,21.20,93.39
0.51,4.70,9.19
0.17,0.50,2.89
0.65,8.00,12.40
0.30,7.90,26.32
1.03,8.40,8.12
0.52,9.20,17.86
0.43,3.30,7.67
0.21,3.50,17.05
0.26,6.90,26.29
0.45,1.80,3.99
0.21,13.50,65.22
0.12,12.90,112.17
0.18,12.10,65.76
0.12,1.20,10.06
0.17,1.20,7.20
0.24,7.70,31.88
0.30,1.20,3.98
0.30,1.40,4.66
0.23,14.50,63.71
0.62,7.10,11.49
0.15,6.90,45.60
0.12,22.30,193.91
0.04,13.10,308.24
0.18,1.10,6.15
0.18,2.60,14.50
3.61,1.40,0.39
0.12,14.60,118.70
0.20,15.10,76.07
0.27,1.50,5.65
0.13,7.80,59.85
0.10,36.30,363.00
0.20,9.70,49.49
0.05,20.30,429.45
0.43,9.40,21.79
0.04,3.60,83.72
0.22,15.90,73.75
0.27,2.70,9.96
0.22,3.60,16.71
0.11,31.30,292.52
0.12,3.90,31.97
0.31,2.10,6.82
0.50,4.80,9.63
0.28,3.30,11.63
0.14,3.10,22.64
0.21,15.70,74.76
0.09,24.70,269.06
1.31,3.50,2.66
0.33,4.40,13.15
0.15,10.20,69.82
0.27,1.40,5.25
0.31,12.20,39.95
2.56,1.20,0.47
0.39,2.00,5.15
0.24,9.00,37.60
0.15,23.90,155.19
0.30,1.90,6.39
0.54,4.40,8.11
0.08,1.70,20.40
0.33,5.90,17.76
0.24,7.70,32.19
0.40,8.10,20.17
0.11,17.90,157.02
0.32,12.30,38.39
0.22,3.90,17.49
2.12,8.80,4.15
0.24,1.20,4.99
0.53,5.50,10.32
0.29,4.40,15.16
0.23,2.10,9.01
0.11,19.30,176.09
1.02,3.10,3.03
0.20,0.80,4.06
0.33,14.90,44.74
0.50,0.80,1.61
0.24,8.80,36.81
2.44,1.10,0.45
0.20,1.20,5.91
0.26,0.90,3.45
0.15,2.30,15.48
0.31,7.00,22.49
0.12,22.80,198.26
0.18,14.60,81.11
4.21,1.10,0.26
0.14,3.80,27.80
0.29,2.50,8.52
0.16,9.10,56.09
0.69,1.10,1.60
0.12,24.20,201.67
0.49,4.10,8.36
1.04,12.80,12.30
0.34,3.60,10.73
0.38,2.10,5.48
0.51,13.90,27.25
0.32,1.00,3.16
0.27,19.10,70.61
0.46,3.60,7.75
0.25,2.00,7.99
0.41,0.40,0.97
0.17,18.60,108.77
0.12,28.00,243.48
0.39,1.00,2.57
0.72,4.70,6.48
0.10,15.60,149.28
0.29,16.60,56.85
0.14,22.30,154.33
0.19,3.40,17.56
1.42,2.20,1.55
0.04,13.20,310.59
0.57,8.30,14.55
0.50,2.20,4.39
0.14,21.40,157.35
0.32,23.10,71.30
1.32,1.20,0.91
0.28,3.10,10.89
3.48,5.80,1.66
0.12,2.90,24.37
0.11,1.00,8.79
0.06,18.10,283.70
0.18,13.50,75.00
1.30,6.90,5.32
0.35,21.50,61.08
0.12,17.40,139.20
1.99,1.90,0.96
0.72,13.10,18.09
0.59,1.00,1.71
0.47,0.50,1.06
0.23,0.90,3.96
0.25,5.30,21.00
0.55,1.80,3.26
0.06,16.00,275.86
0.72,3.30,4.60
0.07,15.50,230.48
0.13,20.50,157.52
0.20,1.90,9.29
0.34,11.70,34.51
0.31,13.50,44.15
0.06,9.00,160.71
0.10,19.80,198.00
0.79,2.20,2.79
0.32,4.10,12.63
0.15,11.20,74.83
0.42,6.50,15.59
0.06,9.10,151.54
0.14,15.70,109.54
0.50,4.80,9.57
0.27,4.30,15.66
0.12,12.90,111.21
0.67,2.10,3.15
0.16,33.20,203.68
0.15,17.60,120.14
0.13,23.10,181.89
0.13,15.40,114.86
0.60,3.70,6.19
0.18,11.60,63.62
0.12,9.60,78.90
0.22,0.90,4.11
0.17,4.30,24.57
0.14,2.40,17.69
0.33,1.50,4.49
0.05,1.80,34.95
0.21,1.10,5.31
4.48,1.00,0.22
0.15,14.40,93.51
0.12,15.60,125.89
0.67,1.30,1.94
0.24,25.60,105.35
0.13,9.50,75.00
0.11,14.20,124.02
0.07,6.80,103.98
0.20,9.80,50.00
0.15,10.80,72.51
0.17,9.60,57.61
0.31,12.70,41.40
0.22,0.70,3.13
0.23,7.40,32.20
0.22,10.40,47.49
0.24,6.40,27.04
0.46,2.60,5.65
0.25,1.10,4.42
0.22,1.30,5.89
0.24,1.10,4.54
0.26,3.40,13.20
0.17,3.10,18.24
0.09,20.50,235.25
0.22,16.40,74.89
0.12,14.50,118.85
0.23,14.10,61.68
0.19,8.10,43.14
0.18,7.90,42.76
1.10,3.10,2.81
0.28,1.60,5.80
0.32,2.00,6.32
0.06,25.60,404.74
0.14,18.00,128.11
0.17,16.10,96.12
0.29,5.50,19.15
0.24,26.70,109.43
1.14,4.70,4.13
0.15,14.00,90.91
1.23,6.30,5.14
0.06,19.10,344.14
0.29,3.50,12.19
0.28,20.30,71.73
0.83,5.90,7.14
0.34,8.90,26.52
0.22,3.90,17.41
0.58,15.60,26.85
0.13,10.80,82.60
0.20,22.10,108.87
0.27,1.90,6.97
0.33,3.00,8.99
0.12,7.90,65.29
0.10,18.60,182.35
0.33,8.60,26.05
0.08,17.10,219.51
0.11,0.80,7.21
0.21,2.30,10.72
0.46,2.00,4.31
0.85,14.70,17.21
0.54,3.70,6.85
0.91,1.60,1.77
0.16,5.80,36.52
0.11,11.40,103.87
0.66,11.40,17.17
1.53,5.30,3.47
0.10,16.30,171.13
0.15,2.10,14.30
0.38,5.70,14.89
0.32,9.00,27.92
0.60,10.30,17.20
0.24,1.40,5.95
2.84,2.40,0.85
0.20,9.70,48.02
0.07,1.20,16.72
0.31,3.00,9.62
0.25,1.40,5.64
0.30,7.70,25.77
0.47,5.80,12.21
0.14,6.30,44.37
0.26,5.30,20.19
0.44,10.10,22.80
0.26,8.10,31.75
0.25,1.20,4.88
0.41,1.70,4.15
1.73,2.00,1.16
0.24,4.00,16.96
0.29,27.80,94.88
0.37,4.70,12.63
0.10,23.50,224.88
0.31,8.00,26.20
0.14,21.40,154.51
0.23,15.70,69.16
0.19,26.50,140.21
0.13,31.40,249.21
0.08,13.60,168.84
0.21,14.30,67.77
0.22,15.60,70.78
0.30,21.70,71.15
1.24,3.60,2.91
0.24,3.80,15.97
0.20,0.80,4.10
0.12,17.90,155.65
0.45,4.20,9.39
0.37,4.40,11.98
0.79,4.80,6.10
0.29,0.40,1.38
0.22,14.20,64.49
0.13,4.10,32.09
0.23,19.60,84.85
0.62,8.50,13.70
0.16,13.90,87.84
0.45,8.80,19.76
1.26,2.20,1.75
0.54,21.60,39.93
0.27,1.10,4.13
0.15,24.00,158.94
0.12,10.10,87.52
1.83,3.30,1.80
0.30,4.00,13.53
0.34,10.30,29.86
0.22,1.00,4.49
0.14,1.50,11.09
0.16,16.40,104.13
0.45,6.20,13.89
0.28,4.00,14.55
0.17,2.60,15.23
0.33,4.10,12.48
0.41,4.20,10.32
0.31,12.90,41.88
0.28,4.40,15.61
0.37,12.20,33.15
0.41,6.10,14.80
0.40,1.50,3.75
0.28,23.60,85.82
0.12,20.00,170.94
0.10,1.70,17.30
0.35,21.30,61.03
0.49,2.20,4.52
0.21,1.30,6.10
0.13,24.50,188.46
0.21,14.20,68.07
0.12,3.60,29.05
0.52,6.30,12.17
0.65,3.70,5.65
0.21,8.30,39.43
0.08,18.90,230.49
0.24,7.40,31.03
0.32,19.60,60.87
0.10,20.00,193.70
0.24,7.10,29.83
0.18,17.20,97.18
0.26,15.50,59.62
0.18,20.40,112.09
0.18,6.40,36.45
0.23,1.60,6.87
0.05,8.60,169.46
0.15,24.20,159.21
0.33,8.10,24.90
1.43,3.90,2.74
0.20,1.90,9.32
0.15,13.30,88.96
4.64,0.50,0.11
0.44,1.30,2.95
0.99,4.60,4.63
0.15,21.30,137.42
0.14,2.40,17.43
0.43,3.00,6.90
0.37,1.00,2.67
1.34,10.00,7.45
0.15,13.60,89.94
0.25,3.00,12.17
0.13,15.50,119.23
0.32,16.00,49.38
0.19,11.30,60.75
2.91,1.30,0.45
0.33,23.20,70.09
0.38,11.20,29.87
0.49,9.60,19.77
0.17,11.50,66.47
0.73,4.40,6.00
0.22,4.30,19.46
0.10,1.70,17.47
0.18,13.20,73.95
0.32,13.60,43.11
0.28,9.20,33.00
0.29,5.90,20.43
0.10,0.80,8.08
0.36,5.00,13.92
1.19,7.20,6.05
0.43,4.20,9.83
0.21,8.30,38.82
0.52,22.50,42.94
0.15,33.90,227.52
0.10,17.30,169.61
0.15,13.70,92.72
0.05,15.00,302.85
0.50,6.30,12.63
0.25,0.90,3.58
0.39,6.00,15.52
0.20,1.00,5.05
0.18,9.40,50.95
0.08,23.40,307.89
3.70,1.10,0.30
0.22,7.50,34.72
0.20,1.40,7.04
0.31,5.50,17.97
2.94,2.90,0.99
1.78,1.90,1.07
0.11,15.00,135.14
1.02,4.50,4.41
0.56,5.60,10.09
0.15,16.20,107.64
0.35,3.50,9.89
0.08,18.20,241.96
0.10,3.90,40.34
0.48,14.20,29.77
0.04,14.10,331.76
0.12,8.80,76.52
0.07,7.60,107.25
0.32,12.10,38.17
0.14,16.40,117.14
0.22,2.20,9.85
0.12,10.00,82.42
0.13,31.50,250.00
1.24,3.40,2.75
0.11,9.30,87.80
0.35,9.10,26.07
0.18,9.70,54.37
0.21,8.80,42.51
0.30,28.00,93.33
0.16,22.90,145.86
0.32,3.70,11.51
0.20,1.20,6.00
0.16,13.00,80.25
0.07,33.40,506.06
0.12,34.30,281.15
0.09,31.10,345.56
0.17,8.10,47.72
0.31,5.90,18.75
0.21,10.90,51.60
0.08,19.00,228.92
0.29,9.40,32.87
0.12,13.90,114.44
0.20,34.70,177.95
0.23,3.50,14.90
3.15,2.90,0.92
0.18,5.50,31.31
0.34,24.40,70.72
0.19,3.00,15.83
0.10,31.10,314.14
0.19,25.00,134.41
0.13,13.90,104.38
0.15,4.90,32.24
0.54,15.80,29.37
0.20,2.20,11.03
0.29,12.90,43.91
0.41,11.40,27.57
0.31,6.70,21.33
0.10,19.40,185.20
0.23,14.00,62.17
0.44,13.20,29.73
0.25,8.70,34.93
0.26,5.40,20.68
2.78,1.50,0.54
0.28,7.20,26.13
3.01,2.30,0.76
0.15,14.20,96.93
0.16,1.80,11.04
0.33,15.60,47.27
0.19,1.60,8.29
0.21,14.60,68.10
0.12,9.40,75.20
0.33,6.00,18.19
3.17,3.70,1.17
0.22,1.80,8.31
0.12,18.70,162.05
0.34,10.50,31.07
0.83,2.00,2.41
0.09,11.90,128.65
0.12,2.40,20.32
0.20,7.30,36.65
0.16,3.50,22.03
0.39,3.60,9.32
0.17,15.40,92.22
0.40,2.80,7.03
0.27,13.00,47.51
0.19,3.70,19.47
1.20,12.00,9.99
0.67,2.60,3.89
0.15,11.80,81.24
0.21,11.30,54.20
0.31,1.40,4.58
0.10,0.70,7.07
0.54,4.00,7.41
0.93,5.30,5.71
0.40,4.10,10.22
0.22,14.80,66.07
0.42,1.70,4.00
0.16,12.50,75.99
0.29,9.30,31.85
0.73,15.20,20.85
0.12,16.00,130.16
0.25,10.60,41.90
0.28,1.00,3.60
0.08,8.50,104.94
0.38,2.30,6.06
0.17,4.20,24.67
0.08,32.00,405.06
0.11,16.20,141.70
0.40,6.90,17.13
0.13,21.70,168.87
0.08,15.20,183.13
0.04,24.00,585.37
0.73,3.50,4.82
0.14,5.90,43.26
0.07,4.40,64.17
0.22,9.50,43.68
0.60,10.70,17.73
0.14,2.40,17.42
0.15,24.20,162.42
0.64,4.40,6.86
0.07,5.10,75.00
0.33,21.90,65.77
0.20,9.80,47.80
0.12,7.20,58.32
0.10,18.90,192.07
0.29,12.00,41.81
0.23,23.50,100.00
0.13,22.50,167.91
0.35,12.00,34.24
0.21,1.40,6.54
0.19,14.90,78.63
0.46,6.70,14.53
0.21,24.60,116.59
0.12,10.40,84.55
0.23,7.10,31.20
0.13,15.70,123.79
0.26,4.20,16.00
0.07,8.00,115.94
0.19,24.00,125.00
0.22,5.20,24.02
0.25,6.50,26.23
0.29,6.90,23.99
0.15,8.60,55.81
0.51,1.40,2.72
0.22,6.80,30.63
0.16,17.60,109.32
0.12,23.30,199.15
0.13,3.60,28.51
0.10,22.50,222.77
0.29,1.90,6.53
0.21,9.20,43.60
0.17,9.70,56.21
0.14,1.70,12.31
0.21,7.10,34.58
0.17,5.80,34.81
0.47,4.50,9.57
0.29,2.10,7.27
0.08,2.00,24.69
0.40,3.40,8.41
0.23,22.90,101.78
0.26,13.50,51.80
0.14,33.00,239.13
0.09,13.40,143.62
0.23,13.90,60.70
0.15,4.50,29.51
0.26,1.40,5.48
0.27,21.50,79.93
0.36,0.90,2.52
0.23,10.10,44.79
0.11,10.90,103.04
0.14,17.90,130.66
0.25,3.10,12.50
0.46,4.90,10.75
0.41,6.20,15.08
0.27,14.00,51.09
0.20,1.60,7.93
0.85,3.50,4.13
1.16,13.40,11.51
0.43,1.40,3.27
3.34,5.50,1.65
1.10,10.60,9.65
0.32,1.10,3.44
0.49,5.10,10.43
0.08,5.30,66.99
0.25,1.60,6.29
0.41,18.10,44.25
0.20,1.00,4.94
0.29,1.30,4.52
0.09,19.70,226.80
0.29,3.00,10.30
0.14,21.60,157.66
1.39,3.40,2.44
0.31,9.30,30.15
3.16,1.30,0.41
0.31,6.00,19.17
0.27,1.80,6.57
0.31,5.40,17.20
0.14,20.80,146.48
0.12,16.90,136.48
0.19,1.40,7.33
0.09,40.40,453.93
0.11,24.00,218.18
0.18,2.80,15.64
0.21,25.20,120.00
0.44,1.30,2.98
0.73,3.40,4.66
0.17,25.70,154.82
1.70,9.00,5.28
0.16,14.00,86.96
0.17,29.50,171.51
0.37,10.90,29.42
0.12,5.40,44.69
0.14,13.40,97.28
0.10,7.30,75.26
0.19,27.60,146.03
0.41,10.90,26.61
0.22,15.10,69.46
0.06,16.10,261.79
0.08,22.70,275.99
0.84,5.40,6.46
0.56,6.40,11.40
0.20,1.10,5.57
0.23,7.90,34.96
0.27,4.70,17.51
0.13,2.30,17.51
0.13,10.70,82.95
0.08,35.60,439.51
0.15,14.90,96.75
0.14,11.20,77.96
0.27,2.10,7.73
0.15,16.60,112.67
0.33,14.30,42.81
0.17,24.60,148.19
0.16,10.40,65.82
0.18,10.50,58.50
0.12,18.60,160.34
0.68,12.10,17.87
0.17,24.10,139.31
0.12,8.90,71.97
0.18,5.20,29.21
0.06,5.10,79.90
0.87,3.40,3.89
0.48,18.50,38.46
0.17,7.20,42.35
0.19,10.50,54.12
1.38,8.20,5.96
0.30,2.90,9.65
0.15,12.70,82.74
0.26,1.20,4.71
0.13,2.40,18.43
0.06,13.10,217.68
0.14,6.20,43.61
0.14,2.50,18.14
0.21,1.10,5.29
0.11,13.20,119.16
1.08,5.80,5.38
0.24,20.70,87.34
1.94,6.90,3.56
0.29,6.90,23.96
0.41,19.10,46.93
0.46,2.20,4.74
0.45,12.10,27.19
0.48,5.90,12.18
3.28,1.60,0.49
0.66,13.60,20.48
0.28,1.30,4.61
0.93,3.90,4.18
0.11,5.50,48.59
0.09,17.20,187.98
0.39,6.00,15.53
0.51,6.10,12.08
0.32,7.20,22.76
0.22,2.80,12.79
0.09,9.20,107.92
0.46,9.50,20.70
3.63,1.30,0.36
0.21,17.80,83.18
0.17,6.40,37.78
0.21,4.30,20.44
0.17,28.10,169.28
0.15,7.80,52.68
0.18,15.70,86.26
0.13,1.90,15.08
0.18,4.70,26.78
0.25,1.70,6.68
0.24,14.30,60.13
0.62,8.30,13.36
0.13,21.70,165.97
0.16,16.20,99.39
0.11,4.10,36.34
0.10,4.70,45.34
0.31,3.10,9.92
0.22,11.90,53.24
0.13,12.20,96.63
0.10,13.70,143.64
0.12,12.80,107.79
0.29,13.00,44.13
0.28,4.80,17.11
0.11,15.10,140.69
0.08,1.80,21.77
0.23,11.90,51.83
0.35,2.70,7.61
0.15,12.20,80.79
0.27,1.20,4.47
0.30,6.50,21.96
0.21,1.60,7.44
0.28,6.10,21.94
0.32,23.30,72.81
0.13,14.10,111.71
0.28,3.80,13.77
0.26,13.40,51.58
1.35,4.00,2.97
0.15,28.40,188.08
0.10,18.50,177.88
0.13,14.30,107.74
2.14,3.70,1.73
4.65,0.90,0.19
0.23,15.00,66.08
0.35,7.50,21.41
0.19,9.60,50.23
0.08,13.30,166.98
0.17,13.70,78.66
1.76,2.40,1.36
0.11,27.60,257.94
0.10,17.10,164.42
0.21,14.70,69.54
0.21,2.30,10.94
0.13,7.20,57.05
0.11,29.00,261.26
0.07,10.10,139.79
0.12,24.60,213.91
0.41,6.50,16.05
0.49,18.00,36.36
0.86,6.20,7.19
0.24,6.90,28.28
0.16,17.20,107.17
0.13,4.50,35.07
0.15,11.10,74.75
3.35,5.60,1.67
3.06,2.40,0.79
0.13,9.40,72.17
0.18,11.00,59.97
0.17,24.60,147.31
0.33,20.40,61.63
0.14,4.20,29.86
0.42,6.00,14.41
0.07,21.40,310.91
0.87,4.00,4.61
0.43,1.00,2.33
0.84,5.70,6.81
0.15,8.70,57.33
0.21,1.60,7.54
0.15,5.60,36.99
0.28,12.10,43.87
0.15,28.10,181.29
0.26,3.20,12.40
0.42,5.10,12.25
0.21,6.10,29.58
0.20,28.60,145.18
0.17,5.00,29.67
0.28,6.10,21.68
0.30,12.50,41.34
0.12,15.90,128.54
0.07,36.10,546.97
0.11,13.80,124.32
0.95,6.00,6.34
0.15,3.20,22.01
0.44,6.60,14.88
0.17,5.10,29.48
0.19,10.50,56.45
2.46,2.00,0.81
0.99,2.80,2.82
0.35,1.40,4.00
0.10,36.60,355.34
0.14,29.30,206.34
0.21,4.00,18.91
0.21,15.40,71.69
0.24,13.70,56.38
0.64,0.30,0.47
1.43,7.90,5.53
0.11,9.20,80.88
0.14,1.90,13.48
0.20,1.10,5.59
0.32,7.70,24.25
0.15,10.10,65.67
0.44,16.50,37.59
0.11,1.60,14.46
0.32,23.80,75.08
0.84,5.70,6.76
0.13,15.90,118.22
0.24,9.30,38.08
0.29,6.50,22.24
0.15,6.50,43.22
0.26,5.10,19.89
0.28,8.20,29.25
0.31,23.50,76.05
0.16,12.50,80.13
0.35,2.30,6.61
0.37,2.90,7.84
0.57,3.50,6.10
0.22,2.00,9.14
1.56,2.60,1.67
0.17,5.70,33.88
0.53,10.70,20.02
0.08,9.20,119.48
0.13,1.80,14.00
0.14,10.70,73.92
0.39,5.60,14.27
0.27,1.60,5.82
0.10,17.90,177.23
0.32,14.60,44.99
0.16,1.50,9.54
0.11,5.70,50.30
0.13,14.00,106.75
0.22,9.20,41.49
0.27,4.70,17.50
0.17,6.60,38.46
0.14,6.10,44.63
0.06,34.60,607.02
0.11,25.10,232.41
0.21,1.10,5.28
0.12,14.60,118.08
1.39,3.50,2.52
0.34,7.10,21.14
0.08,1.60,19.18
0.34,2.20,6.52
0.20,6.70,33.25
0.21,11.50,54.56
0.51,6.80,13.26
0.34,0.90,2.64
0.21,1.90,9.25
0.24,8.30,34.16
0.25,6.60,26.72
0.84,3.90,4.62
0.14,15.90,111.19
0.14,7.00,50.00
0.20,1.50,7.44
0.21,26.70,124.77
0.05,11.20,223.69
2.20,0.70,0.32
1.46,9.90,6.77
0.12,9.80,79.67
0.22,0.80,3.62
0.40,1.20,2.97
0.26,13.30,50.65
0.21,1.40,6.69
2.30,1.60,0.70
0.11,27.40,246.85
0.30,5.60,18.47
1.33,6.80,5.13
0.35,2.40,6.90
0.28,11.80,42.91
0.18,4.10,22.84
0.78,1.50,1.92
0.10,3.40,32.69
0.48,2.10,4.36
0.10,16.10,156.31
0.80,14.40,18.02
0.32,0.40,1.25
0.14,7.40,51.28
0.28,10.20,36.30
0.70,3.60,5.12
0.33,6.30,19.22
0.10,6.70,64.05
0.12,31.30,263.03
0.28,4.90,17.57
2.84,2.00,0.71
0.11,24.10,211.40
0.33,1.10,3.32
0.21,13.00,61.18
0.40,6.70,16.92
0.14,23.20,166.31
1.48,2.80,1.89
0.23,14.20,62.56
0.08,4.40,58.57
0.58,6.40,11.12
1.32,3.80,2.89
1.38,3.20,2.31
0.14,2.10,14.51
0.87,15.40,17.66
0.14,8.60,63.08
0.57,8.40,14.71
0.20,0.90,4.47
0.46,12.70,27.49
0.19,15.40,81.48
0.67,13.20,19.70
1.41,10.60,7.52
0.17,9.40,53.71
0.62,8.70,14.02
0.14,16.70,116.30
0.75,17.30,23.13
1.32,4.10,3.10
0.11,24.10,221.10
0.22,1.40,6.40
0.42,6.70,15.91
0.04,14.00,350.00
0.32,2.60,8.14
1.65,3.80,2.31
0.34,2.50,7.38
0.65,0.60,0.93
0.09,6.50,72.13
0.56,2.20,3.92
0.14,20.30,149.26
0.19,1.30,6.77
0.60,18.70,31.06
0.15,13.40,91.23
0.06,12.50,217.69
0.26,1.20,4.67
0.08,22.40,266.67
0.21,1.20,5.83
0.20,13.50,67.84
0.27,9.50,35.58
0.23,13.00,56.03
0.33,10.40,31.33
0.75,7.70,10.23
0.27,1.90,7.13
0.09,14.70,167.24
0.51,7.80,15.45
0.10,18.60,188.51
0.22,4.00,18.48
3.36,1.50,0.45
0.62,6.30,10.12
0.11,16.50,152.07
0.12,11.80,98.60
0.26,3.20,12.20
0.08,36.90,473.08
0.74,9.20,12.49
0.31,3.60,11.59
0.29,3.80,13.01
1.15,3.20,2.79
0.23,23.70,101.07
0.25,1.40,5.58
0.20,13.30,67.94
0.21,1.80,8.45
1.23,1.90,1.55
0.27,10.90,40.67
0.06,10.20,164.38
0.08,38.70,471.95
0.35,4.50,12.77
0.46,2.70,5.84
0.38,1.10,2.90
0.09,4.70,49.65
0.14,7.50,55.56
0.34,4.70,13.95
0.23,15.30,66.01
0.29,7.70,26.72
0.21,1.60,7.44
0.10,1.40,13.79
0.26,1.10,4.27
0.15,13.20,89.80
0.54,9.30,17.13
0.16,25.70,160.62
0.41,1.00,2.44
0.20,21.20,103.41
0.10,16.10,159.41
0.47,7.90,16.68
0.33,4.60,13.88
0.11,2.20,20.45
0.05,7.50,157.70
0.20,1.10,5.49
0.71,3.20,4.53
0.19,0.60,3.18
0.39,16.20,41.54
0.23,11.60,50.48
0.16,25.60,159.01
0.36,3.00,8.41
0.33,3.50,10.74
0.32,1.30,4.09
0.20,8.20,41.15
0.30,3.20,10.56
0.40,5.50,13.85
0.14,8.40,61.69
0.12,32.30,258.40
0.33,25.60,77.81
0.14,19.90,141.81
0.45,4.50,9.94
0.06,24.70,385.94
0.07,5.30,74.00
0.25,7.30,29.40
1.94,2.30,1.19
0.16,22.80,139.88
0.32,23.50,72.76
0.13,8.50,66.57
0.29,3.20,11.23
0.18,5.30,29.03
0.13,2.10,15.94
0.17,13.60,82.42
0.20,3.30,16.21
0.37,1.40,3.77
0.21,3.70,17.94
0.14,10.10,74.63
0.14,18.80,129.83
0.12,7.00,60.09
0.06,10.50,172.58
0.29,1.10,3.78
0.15,3.70,24.50
0.30,1.80,5.93
0.30,10.30,34.56
1.11,2.80,2.52
0.25,1.80,7.13
1.31,1.20,0.92
0.31,12.60,41.18
0.10,13.30,129.58
0.15,13.20,86.59
0.17,1.40,8.47
0.07,16.70,256.65
0.22,7.60,34.22
0.52,6.50,12.49
0.14,11.00,79.68
0.26,7.00,26.53
0.17,6.30,37.61
0.18,2.60,14.08
0.10,0.70,7.14
0.13,7.20,57.29
0.08,20.80,262.46
0.13,12.40,97.25
0.05,11.60,218.87
0.11,11.00,98.81
0.61,1.40,2.28
0.29,11.40,39.41
0.17,6.10,35.47
0.17,23.40,141.82
0.34,0.40,1.18
0.21,4.00,19.18
0.37,6.30,16.81
0.17,6.80,39.38
0.32,4.90,15.10
0.12,4.90,41.97
0.42,4.80,11.33
0.15,16.70,112.08
0.31,8.60,27.51
0.25,6.30,25.58
0.12,11.90,99.17
0.18,5.80,31.69
0.20,13.10,63.90
0.20,11.60,59.32
0.26,5.90,22.49
0.12,8.00,67.80
0.21,1.60,7.54
0.10,17.10,172.73
0.33,12.00,36.59
0.19,4.10,22.01
0.17,16.50,96.49
0.19,9.40,49.21
0.14,6.80,47.72
0.28,13.90,49.36
1.24,3.30,2.66
0.09,18.70,208.71
0.11,4.80,44.17
0.51,2.20,4.34
0.41,2.70,6.56
0.17,14.00,81.16
0.32,3.60,11.27
0.07,1.70,24.52
0.21,1.30,6.07
0.06,10.40,186.55
0.70,15.50,22.02
0.13,8.90,68.99
0.25,1.60,6.51
0.60,3.60,6.01
0.08,22.70,287.34
2.80,2.00,0.71
0.51,6.30,12.43
0.66,4.70,7.13
1.61,3.70,2.29
0.47,9.10,19.57
0.20,1.20,5.96
0.22,10.20,45.95
0.22,1.70,7.78
0.16,11.20,68.29
0.17,10.20,58.59
0.26,1.40,5.46
0.11,1.10,10.14
0.28,2.30,8.21
0.12,18.10,152.10
0.10,11.90,122.63
3.58,2.00,0.56
0.24,2.50,10.41
0.17,7.70,45.83
0.12,2.80,23.37
0.31,9.80,32.01
0.09,19.30,226.39
0.33,4.50,13.55
0.07,18.00,276.92
0.19,22.20,117.46
0.27,1.60,5.91
4.02,0.60,0.15
3.07,1.40,0.46
0.11,17.20,151.54
0.11,20.80,189.09
0.16,12.40,76.69
0.10,5.50,55.93
0.38,17.80,47.09
0.77,5.20,6.72
0.21,1.60,7.70
0.06,7.80,120.46
0.11,5.20,47.85
0.16,9.60,59.43
0.47,11.50,24.26
0.39,2.40,6.23
0.11,23.40,216.67
0.11,28.20,261.11
0.24,8.60,35.76
0.41,8.40,20.45
0.12,9.00,76.18
0.15,23.50,152.60
0.33,3.00,9.10
0.06,24.80,387.50
0.54,6.20,11.50
0.21,7.60,36.50
0.28,2.20,7.80
0.47,12.40,26.38
0.22,11.10,50.24
0.15,6.70,45.89
0.24,8.10,33.33
4.00,1.70,0.43
0.18,11.30,62.39
0.19,5.40,28.27
0.13,6.30,49.80
0.19,8.60,44.68
0.30,1.10,3.72
0.33,1.20,3.64
0.13,8.00,60.06
0.40,7.70,19.41
0.19,9.70,52.34
0.69,3.20,4.67
0.27,4.40,16.50
0.42,6.10,14.35
0.16,23.30,149.36
0.18,30.60,169.06
0.29,12.30,42.09
0.12,8.80,75.68
0.27,3.60,13.10
0.12,7.50,60.32
0.16,2.00,12.38
0.33,3.60,10.93
0.16,13.10,80.79
0.19,9.90,52.55
0.46,15.30,33.48
0.24,4.80,20.24
0.26,19.40,74.33
0.24,2.50,10.58
0.04,6.10,143.06
0.19,9.70,51.11
0.25,8.50,33.80
0.33,1.70,5.17
0.11,37.70,336.61
0.04,43.10,1051.22
0.16,5.00,30.34
0.71,3.70,5.21
0.13,13.10,100.71
0.37,1.10,2.96
0.19,10.10,54.01
1.57,0.20,0.13
0.08,24.30,296.34
0.28,4.20,14.74
0.37,6.90,18.68
0.11,27.30,243.75
3.77,1.40,0.37
0.12,19.30,160.83
0.17,19.30,110.92
0.15,3.80,24.98
0.09,21.80,242.22
0.41,8.90,21.52
0.14,4.80,35.20
0.14,12.60,89.41
0.12,14.00,117.65
0.17,12.20,72.19
0.13,12.70,100.79
0.27,3.40,12.73
0.21,22.40,108.74
0.07,10.70,150.26
0.21,2.70,12.68
0.24,7.10,29.11
0.17,14.90,85.63
0.11,9.40,89.10
0.10,1.20,11.62
0.21,1.20,5.63
0.63,4.30,6.86
0.36,7.50,21.02
0.21,8.80,41.85
0.19,8.80,47.17
0.30,8.20,27.26
0.14,25.30,175.69
0.24,1.30,5.41
1.07,3.10,2.89
0.11,27.60,250.91
0.25,15.80,64.23
0.06,22.50,400.36
0.31,2.80,9.02
0.18,7.60,43.30
0.18,8.90,49.08
4.10,0.80,0.19
0.11,30.00,277.78
0.21,6.40,30.79
0.14,5.60,39.77
0.21,15.50,75.10
0.07,26.40,406.15
0.08,2.30,28.51
0.87,5.60,6.42
0.08,21.60,257.14
0.29,1.10,3.80
1.15,1.70,1.48
0.22,1.50,6.96
0.14,6.20,44.44
0.21,1.30,6.32
0.20,12.70,62.25
0.26,10.10,38.65
0.64,4.80,7.54
2.28,2.40,1.05
0.35,2.60,7.51
0.21,2.50,12.09
0.22,1.50,6.89
0.13,8.00,60.00
0.38,9.60,25.38
0.30,14.90,49.83
0.44,7.00,15.91
0.19,5.50,29.57
0.22,14.20,64.20
0.15,14.40,96.85
0.22,1.70,7.70
0.36,7.30,20.43
0.12,7.40,61.67
0.53,4.90,9.20
0.05,21.60,440.82
0.52,6.90,13.17
0.24,1.20,5.10
0.11,17.90,169.67
0.31,6.00,19.43
0.34,5.60,16.56
2.51,6.00,2.39
0.19,20.90,111.17
0.16,2.00,12.22
0.09,28.00,307.69
0.12,15.80,132.22
0.24,3.60,15.24
4.76,2.40,0.50
0.12,6.90,55.35
0.41,5.40,13.07
0.12,1.40,11.91
0.28,19.40,69.04
0.15,2.40,16.48
0.30,1.30,4.35
0.36,1.20,3.35
0.06,5.00,87.72
0.22,1.60,7.42
0.36,2.00,5.63
0.17,16.70,100.30
0.08,35.90,437.80
0.36,4.70,13.20
0.27,19.20,72.18
0.16,3.00,19.05
0.33,25.00,75.53
0.25,5.90,23.85
0.14,15.40,111.59
0.25,1.70,6.79
1.01,1.30,1.28
0.46,7.20,15.68
0.23,4.00,17.74
0.22,15.00,68.00
0.33,8.50,26.05
0.30,6.30,21.29
0.35,2.50,7.08
0.19,12.30,63.51
0.54,14.50,26.95
0.12,4.90,40.83
0.25,4.20,16.70
0.32,18.40,58.04
0.18,2.00,10.85
0.25,8.40,33.76
0.37,2.70,7.27
0.36,8.40,23.14
0.41,5.90,14.30
0.15,13.00,88.24
0.21,18.10,87.86
0.38,3.50,9.15
0.23,10.40,44.95
0.22,14.10,64.80
0.16,6.80,42.63
0.05,20.70,449.51
0.33,4.40,13.17
0.07,13.70,206.02
0.25,8.50,34.14
0.31,5.70,18.64
0.13,18.40,146.03
0.17,12.70,73.13
0.07,25.10,374.63
0.23,14.80,64.86
0.36,10.30,28.89
0.16,20.10,126.57
0.31,24.60,78.34
0.22,10.80,48.25
0.61,3.30,5.44
0.12,4.10,33.88
0.15,7.80,52.00
0.94,2.40,2.55
2.48,5.60,2.26
0.04,7.80,173.45
0.19,9.80,51.56
0.19,5.30,27.25
0.21,29.00,140.10
0.11,35.70,336.79
0.08,19.10,240.71
0.08,6.50,78.85
1.62,3.10,1.91
0.14,10.00,72.20
0.25,7.00,27.92
1.42,2.10,1.48
0.09,9.00,96.26
0.15,1.20,8.09
4.99,1.60,0.32
0.21,6.90,32.59
0.16,15.50,97.98
0.08,17.10,216.95
0.32,2.00,6.34
0.15,0.10,0.66
0.12,3.00,25.50
0.36,27.00,75.42
0.15,9.40,64.16
0.08,2.80,34.57
0.64,5.40,8.40
1.07,1.90,1.78
0.85,3.90,4.58
0.58,6.00,10.35
0.11,15.10,138.53
0.49,9.20,18.59
0.31,3.80,12.37
0.13,1.90,14.59
0.77,4.40,5.75
0.15,5.50,36.40
0.10,14.10,140.21
0.11,24.90,227.40
0.05,21.00,396.23
0.56,2.60,4.62
0.08,5.50,71.03
0.21,1.40,6.80
0.13,2.30,17.36
0.31,4.50,14.56
0.04,13.50,317.65
0.23,1.60,6.93
0.22,14.60,66.12
0.33,23.90,72.64
0.23,1.40,6.00
0.21,12.70,61.50
0.11,17.70,163.89
0.22,7.80,36.13
0.32,10.60,33.06
0.32,26.20,83.17
0.12,4.20,35.72
0.21,15.10,71.68
0.40,5.60,13.98
0.13,2.10,16.54
0.28,4.20,15.24
0.22,8.50,38.21
0.04,19.80,495.00
0.27,17.20,64.18
0.18,13.80,78.41
0.16,23.30,147.47
0.29,10.40,35.99
0.57,4.60,8.05
0.48,7.80,16.08
0.07,18.30,269.12
0.09,20.70,240.70
0.13,6.40,49.81
0.08,17.80,213.66
0.14,28.80,200.00
0.12,7.10,57.11
0.13,8.70,66.03
0.21,11.80,55.49
0.11,33.30,311.21
0.34,19.70,58.46
0.21,4.00,18.74
0.41,12.00,29.03
0.17,27.00,163.64
0.23,3.40,15.06
0.53,8.80,16.57
0.06,27.30,478.95
0.50,4.90,9.73
0.90,4.80,5.35
0.04,15.20,353.49
0.25,1.90,7.55
0.21,3.30,15.89
0.32,15.20,48.25
0.32,2.80,8.83
0.11,29.90,274.31
0.20,2.00,9.80
0.22,11.70,53.79
0.17,13.20,76.30
0.10,9.20,90.20
0.08,16.80,216.77
0.31,1.80,5.77
1.94,3.40,1.76
0.54,3.60,6.68
0.33,3.70,11.26
0.19,8.00,41.37
0.25,16.80,67.88
0.48,6.60,13.70
1.69,1.00,0.59
0.28,13.50,48.91
0.53,7.20,13.65
0.28,12.50,44.96
0.56,2.30,4.09
0.34,2.30,6.85
0.25,1.90,7.71
0.39,11.00,28.19
0.30,6.00,19.85
0.11,13.30,116.08
0.14,10.70,76.98
0.12,2.10,16.84
0.06,28.60,484.75
0.08,7.10,89.87
0.17,4.50,27.27
0.22,9.90,45.72
0.11,13.30,123.78
4.85,1.70,0.35
0.32,9.90,31.34
0.18,14.00,79.77
3.20,1.50,0.47
0.13,8.40,65.88
0.30,4.00,13.29
0.18,20.20,113.48
0.22,1.30,5.97
0.54,20.30,37.52
0.18,3.20,17.34
0.37,5.40,14.43
2.10,5.10,2.43
0.19,1.50,7.85
0.25,3.80,15.43
0.13,4.80,36.32
0.20,2.30,11.48
0.25,8.10,32.53
0.14,20.90,150.36
0.21,1.60,7.53
0.24,2.30,9.67
0.12,26.90,216.94
0.30,13.00,42.79
0.15,9.20,60.01
0.31,2.40,7.74
0.17,7.50,43.08
0.12,8.70,75.65
0.31,14.30,45.54
0.18,34.40,193.26
0.06,24.30,376.74
0.27,1.50,5.61
0.22,1.10,5.03
0.34,23.20,67.44
0.23,2.60,11.11
0.15,8.30,56.08
0.29,7.60,26.07
0.10,1.10,10.58
1.67,3.90,2.34
0.29,1.30,4.47
0.54,10.20,18.96
0.28,2.30,8.14
0.20,3.70,18.78
0.16,4.70,29.94
0.12,7.50,60.98
0.64,6.80,10.69
0.18,10.80,59.88
3.16,2.30,0.73
0.20,5.80,29.66
0.28,4.00,14.30
0.17,1.50,8.91
0.07,23.80,323.81
0.18,8.40,46.99
1.26,2.90,2.30
0.26,13.70,53.47
0.15,1.90,13.01
0.07,21.90,307.76
0.46,6.80,14.89
0.36,16.80,46.93
0.17,3.00,17.25
0.42,9.70,23.04
0.32,3.90,12.22
0.33,7.10,21.65
0.10,28.30,297.89
0.96,11.10,11.53
0.15,10.70,73.04
0.30,26.50,88.93
0.24,6.10,25.15
0.18,12.10,67.22
0.06,40.10,703.51
0.10,34.20,332.04
0.20,1.90,9.30
1.28,8.20,6.39
0.10,13.30,137.82
0.19,9.40,48.31
0.19,11.80,62.66
0.35,16.90,48.77
0.15,18.10,120.53
0.63,2.10,3.34
0.07,22.60,324.20
1.00,14.00,14.06
0.14,24.60,180.88
0.37,4.40,11.81
0.22,14.60,64.95
2.99,2.40,0.80
0.14,18.20,130.94
0.21,0.90,4.22
0.16,20.10,123.31
0.30,13.50,44.29
0.17,2.60,14.88
0.21,16.20,77.29
0.16,20.20,126.65
0.32,23.90,73.99
0.18,4.70,25.44
0.11,30.70,281.65
0.51,10.40,20.31
0.25,20.60,81.75
0.23,2.20,9.77
0.12,24.50,209.40
0.17,9.20,53.65
0.24,6.40,26.88
0.38,5.10,13.47
0.12,7.00,56.91
0.40,15.00,37.13
0.33,5.10,15.59
0.14,16.90,117.36
0.29,7.90,27.71
0.25,13.10,51.98
0.28,3.20,11.52
0.25,3.40,13.42
0.11,28.40,251.33
0.19,1.00,5.30
0.33,7.80,23.60
0.21,1.50,7.06
0.14,16.60,116.08
0.12,13.60,111.56
0.25,8.00,32.52
0.13,18.90,149.53
0.25,1.90,7.48
0.04,2.10,55.26
0.11,8.50,78.83
0.45,13.80,30.80
0.17,8.70,50.68
0.13,4.50,34.53
0.30,26.90,88.78
4.10,4.70,1.15
0.15,17.10,115.54
0.44,8.60,19.63
0.30,3.40,11.29
0.26,10.70,41.39
0.07,31.60,486.15
0.07,5.60,86.15
0.39,7.50,19.07
0.28,0.90,3.21
0.12,9.20,79.09
0.04,21.30,575.68
0.14,11.80,85.09
0.11,11.30,99.12
0.19,1.70,9.03
0.04,7.60,177.99
0.34,0.70,2.07
4.74,0.80,0.17
0.13,21.30,169.72
3.44,1.60,0.47
1.92,3.00,1.56
0.24,9.10,37.88
0.08,16.30,193.47
0.19,21.00,109.95
0.41,7.90,19.50
0.51,12.60,24.73
0.30,0.90,3.02
0.08,2.90,36.07
0.22,15.60,70.33
0.25,5.20,20.71
0.63,13.10,20.73
0.37,10.40,27.81
0.37,4.30,11.48
0.79,4.50,5.71
0.30,27.40,91.95
0.36,19.20,52.89
0.08,41.20,502.44
0.56,13.40,23.74
0.47,10.20,21.57
0.35,4.40,12.63
0.75,7.40,9.87
0.13,26.80,200.00
0.12,22.60,186.78
0.19,1.10,5.79
0.30,27.20,90.67
0.24,4.20,17.28
0.38,7.30,19.38
0.24,4.30,18.12
0.30,3.40,11.20
0.09,12.00,139.10
0.23,15.50,68.40
0.23,11.00,47.64
0.13,15.90,122.94
0.34,4.50,13.31
0.29,2.90,9.99
0.18,29.20,160.44
0.07,41.00,611.94
0.15,17.70,116.02
0.84,7.00,8.31
0.28,3.30,11.61
0.08,36.30,453.75
0.17,15.10,86.29
0.11,13.00,121.76
0.20,30.00,150.00
0.15,7.90,52.11
0.26,13.90,54.00
0.19,11.40,61.29
0.38,1.90,4.94
0.23,6.90,30.31
0.21,17.10,80.28
0.24,1.90,7.90
1.04,3.80,3.67
0.08,33.30,432.47
0.12,11.00,94.02
0.10,34.70,343.56
0.21,2.40,11.63
0.11,13.60,122.43
0.23,9.30,41.15
0.21,0.70,3.41
0.05,14.90,308.17
0.12,16.60,133.15
0.11,11.30,100.00
0.14,11.70,84.12
0.07,2.30,31.08
0.16,2.50,16.03
0.18,2.40,13.23
0.23,10.70,46.34
0.08,2.10,25.20
0.72,3.90,5.45
0.38,11.00,28.98
1.12,3.30,2.94
0.04,10.40,246.74
0.21,1.90,9.10
0.11,10.80,94.18
0.16,15.20,92.50
0.14,29.70,220.00
0.18,2.50,13.78
0.32,10.50,32.46
0.34,1.90,5.57
0.22,9.50,43.98
0.30,3.70,12.20
0.12,11.10,93.81
1.03,3.10,3.00
0.04,21.10,555.26
0.44,4.20,9.65
0.12,24.50,211.21
0.16,11.30,71.97
0.24,7.70,32.44
0.30,26.90,88.20
1.03,6.00,5.82
2.18,2.30,1.06
0.15,11.00,73.33
0.28,2.40,8.55
0.12,9.60,78.69
1.38,1.60,1.16
0.37,2.30,6.16
0.21,1.10,5.19
0.27,3.50,12.74
0.15,5.60,36.36
0.14,8.90,61.38
0.41,5.00,12.29
0.16,0.80,5.12
0.13,1.80,13.58
0.19,5.00,25.91
0.04,4.60,106.68
0.20,0.70,3.52
0.30,9.20,30.22
0.16,4.30,26.41
0.28,5.20,18.25
0.33,3.00,9.00
0.22,1.20,5.48
0.18,6.30,34.24
0.28,3.70,13.12
0.42,7.30,17.55
0.18,15.00,85.23
0.18,12.40,70.66
0.16,9.00,57.42
0.20,9.50,48.72
0.28,1.60,5.77
0.19,3.80,20.05
0.18,3.50,19.81
0.14,1.80,12.53
0.10,15.50,155.53
0.43,2.60,6.05
0.14,6.80,47.89
0.30,2.20,7.34
0.63,15.00,23.77
0.28,3.70,13.03
0.16,7.90,49.18
0.33,11.80,35.49
0.26,0.90,3.47
0.16,25.30,160.13
0.26,1.10,4.20
0.32,1.00,3.17
0.16,12.30,75.69
0.14,7.90,55.42
0.39,1.10,2.83
0.22,5.10,22.80
0.08,8.00,106.31
0.24,1.10,4.56
0.30,9.70,32.40
0.30,4.00,13.31
0.16,6.60,41.43
0.14,1.90,13.19
0.18,7.20,40.09
0.15,2.20,14.19
0.19,26.20,135.75
0.22,1.30,5.89
0.26,4.30,16.70
0.07,4.30,60.11
0.31,12.10,38.81
0.22,1.20,5.43
0.14,3.20,23.49
0.54,7.10,13.24
0.57,14.80,25.87
0.19,3.60,18.77
0.35,4.90,13.90
0.14,2.00,14.44
0.54,0.20,0.37
0.24,11.90,49.17
0.12,22.30,184.30
0.17,21.90,129.59
0.04,1.90,50.00
0.13,3.50,26.82
0.31,6.10,19.58
0.10,1.30,13.27
0.28,9.30,33.63
0.14,7.70,53.15
0.11,5.50,51.89
0.18,13.60,73.51
0.24,9.60,39.56
0.42,3.30,7.85
0.61,1.10,1.81
0.26,1.00,3.88
0.05,14.50,273.58
0.10,3.30,33.88
0.12,1.70,14.33
0.27,10.30,38.72
0.18,13.00,70.82
0.16,3.30,20.25
0.79,10.80,13.76
0.17,28.60,168.24
0.36,6.50,18.01
0.19,3.00,15.59
0.29,1.60,5.61
0.31,12.70,41.34
0.40,4.30,10.73
0.43,4.20,9.78
0.24,7.00,28.81
1.13,1.90,1.68
0.45,1.10,2.45
0.21,9.40,44.13
2.97,5.10,1.72
0.19,11.00,57.22
0.39,6.30,16.05
0.11,18.10,166.36
0.09,29.10,323.33
0.21,3.70,17.29
0.11,16.90,151.98
0.35,2.10,6.04
0.47,12.40,26.22
4.23,4.70,1.11
0.47,9.90,20.95
0.28,3.30,11.60
0.23,3.70,16.29
1.33,3.80,2.86
0.33,16.30,49.47
0.26,7.10,27.69
0.17,9.70,58.79
1.52,2.30,1.51
0.18,11.40,62.30
0.32,24.20,74.92
0.58,4.40,7.55
0.14,3.20,22.94
0.18,27.60,150.82
0.26,9.20,35.59
0.27,0.90,3.35
0.49,9.80,19.93
0.37,20.30,54.42
0.42,4.70,11.23
0.23,13.90,60.59
0.44,7.30,16.67
0.32,21.80,67.70
0.13,20.30,159.59
0.30,2.40,8.08
0.22,1.30,5.91
0.08,15.00,184.05
0.23,14.50,62.23
0.16,11.70,73.74
0.23,1.30,5.54
0.21,12.50,58.23
0.13,5.00,37.88
1.46,4.10,2.81
0.41,10.80,26.25
0.12,3.20,27.23
0.11,22.30,197.35
0.13,8.60,68.55
1.00,3.00,3.01
0.20,14.70,74.24
0.50,1.90,3.77
0.35,6.10,17.39
0.60,6.60,10.96
1.73,2.50,1.44
0.10,18.60,185.39
0.28,7.60,27.41
1.07,3.80,3.54
0.40,1.30,3.28
0.14,2.70,19.67
0.22,2.60,11.74
0.49,5.50,11.31
0.15,11.40,76.77
0.12,24.50,213.04
1.30,3.50,2.69
0.39,11.30,29.24
0.05,0.80,15.48
0.22,14.70,66.22
0.11,6.00,53.22
0.54,7.30,13.50
0.49,7.80,16.06
0.39,10.80,27.58
2.63,0.80,0.30
0.25,2.70,10.66
0.16,20.50,131.41
0.06,9.20,152.14
0.18,3.50,19.28
0.06,10.40,181.44
0.39,20.50,53.11
0.18,27.80,154.44
0.30,0.90,3.02
0.14,1.60,11.66
0.51,3.00,5.83
0.08,1.90,22.39
0.38,5.70,14.82
0.12,7.70,61.93
0.19,33.20,174.74
0.25,0.90,3.64
0.19,11.50,60.99
0.18,12.30,66.85
0.11,32.40,289.29
0.22,6.90,32.02
0.23,4.80,21.02
0.85,2.70,3.19
0.24,4.50,19.04
0.29,3.10,10.86
0.13,12.00,89.55
0.22,22.00,100.00
0.12,24.10,192.80
0.15,1.70,11.08
0.34,2.90,8.41
0.12,3.60,30.20
0.10,21.80,227.08
0.25,2.60,10.51
0.28,0.80,2.85
0.84,3.10,3.69
0.33,23.20,69.67
0.08,1.10,13.66
1.47,2.10,1.43
0.24,1.50,6.38
0.21,14.80,70.81
0.23,6.50,28.79
0.10,17.20,175.35
0.42,10.80,25.74
0.25,7.90,31.66
0.14,14.50,104.88
0.26,8.20,31.91
3.11,2.10,0.67
0.16,13.80,88.60
0.31,5.80,18.46
1.18,2.50,2.12
0.12,6.50,53.16
0.20,0.80,3.94
0.50,10.10,20.20
0.13,4.90,36.67
0.22,5.40,24.97
0.16,8.60,54.40
0.20,3.60,17.73
0.13,0.80,6.02
0.13,3.50,27.09
0.09,25.80,283.52
1.38,4.50,3.27
0.14,2.00,14.29
0.19,14.10,72.68
0.39,5.40,13.79
0.19,2.00,10.68
0.22,4.70,21.22
0.25,7.30,29.40
0.26,13.20,50.19
0.29,1.20,4.11
0.15,1.70,11.31
0.95,4.20,4.44
0.53,1.10,2.08
0.25,1.40,5.63
0.23,14.60,64.60
2.34,0.80,0.34
0.27,4.00,14.99
2.19,0.90,0.41
0.13,6.90,52.40
0.11,8.40,74.28
0.18,1.90,10.60
0.32,0.90,2.78
0.85,6.80,8.04
0.13,3.40,25.42
0.18,4.20,22.76
0.52,7.20,13.94
0.13,6.90,52.01
0.23,14.20,61.58
0.16,9.40,60.26
0.13,17.00,132.30
0.24,1.10,4.66
0.12,10.70,89.92
0.32,23.20,72.05
0.26,14.90,58.20
0.29,7.50,25.91
0.14,8.60,62.77
0.10,3.30,32.29
0.27,9.70,36.58
0.52,9.70,18.70
0.25,2.40,9.43
0.43,1.40,3.27
0.23,14.60,63.42
0.34,12.00,35.71
0.63,20.20,32.17
0.21,0.80,3.84
0.31,9.60,30.73
0.40,2.40,6.04
0.18,33.70,182.16
0.21,6.70,32.46
0.06,9.20,142.33
0.15,1.90,12.98
0.33,12.10,36.29
0.46,3.50,7.54
0.58,8.30,14.26
0.58,1.20,2.08
0.06,8.60,140.02
0.12,7.00,59.16
0.08,10.00,128.21
2.33,1.90,0.82
0.13,2.40,19.05
0.78,16.00,20.46
0.17,8.00,46.78
0.30,12.30,40.59
0.27,6.70,24.70
0.07,24.30,373.85
0.40,5.00,12.45
0.47,13.10,27.93
0.16,1.10,7.06
0.20,1.10,5.53
1.20,5.50,4.60
0.17,18.90,111.83
0.27,22.60,82.48
0.25,2.70,10.86
0.63,2.80,4.41
0.09,17.40,187.93
0.12,1.80,15.38
0.20,5.20,26.39
0.27,4.00,14.94
0.14,5.50,39.51
0.13,4.80,36.64
0.16,0.90,5.64
0.25,7.20,28.46
0.25,24.90,100.00
2.81,2.30,0.82
0.11,17.60,166.04
0.14,8.30,59.29
1.82,2.70,1.49
0.44,1.60,3.61
0.24,13.60,56.24
0.35,2.00,5.63
0.27,1.80,6.74
0.31,5.50,17.99
0.25,9.70,39.36
0.26,12.80,49.04
0.23,8.30,36.01
0.22,2.40,10.88
1.42,3.60,2.53
0.36,2.20,6.16
0.28,2.30,8.29
0.25,6.80,27.58
0.15,27.00,183.67
0.23,2.40,10.56
0.38,1.30,3.46
1.51,3.20,2.12
0.33,0.40,1.22
1.35,2.60,1.93
0.28,6.30,22.71
0.26,13.60,52.67
0.25,2.10,8.34
0.22,14.60,65.30
0.14,3.00,20.79
0.29,1.60,5.57
0.30,4.80,15.97
0.22,14.80,66.97
0.27,1.80,6.71
0.28,1.90,6.89
0.27,2.00,7.50
0.16,20.40,125.15
0.28,2.30,8.32
0.25,13.80,55.20
0.30,3.50,11.71
0.27,3.90,14.39
0.38,6.10,15.92
0.28,6.40,22.83
0.26,1.70,6.49
0.23,2.20,9.47
0.13,9.00,68.09
0.24,2.20,9.01
0.25,1.60,6.42
0.28,6.50,23.56
0.22,2.40,11.00
0.19,1.80,9.24
0.26,2.30,8.72
0.27,2.60,9.81
0.26,2.70,10.27
0.28,3.80,13.67
0.30,4.50,14.82
0.23,1.90,8.44
0.32,12.40,38.18
0.35,1.90,5.47
0.34,5.40,15.77
0.40,10.70,26.62
0.23,2.60,11.10
0.36,1.10,3.06
0.28,6.50,22.97
0.71,7.90,11.08
0.26,1.90,7.32
0.26,1.80,6.91
0.28,4.40,15.88
0.33,2.10,6.36
0.27,4.20,15.48
0.30,2.20,7.31
0.39,1.20,3.05
0.29,5.10,17.75
0.40,3.20,7.98
0.40,1.50,3.71
0.24,1.90,7.80
0.49,3.40,6.94
0.27,4.30,15.91
0.27,13.60,51.32
0.45,9.40,21.01
0.41,3.00,7.39
0.33,1.40,4.19
0.30,3.40,11.25
0.46,2.10,4.53
0.25,2.10,8.35
0.35,1.20,3.46
0.29,5.20,17.68
0.28,2.60,9.18
0.44,10.40,23.76
0.33,12.00,36.86
0.23,1.80,7.75
0.24,2.80,11.57
0.27,1.80,6.59
0.26,2.10,8.06
0.25,1.50,5.97
0.26,2.30,9.01
3.29,1.30,0.40
0.27,5.70,21.31
0.33,12.30,37.50
0.39,2.00,5.18
1.08,3.40,3.16
0.26,1.70,6.61
0.29,5.10,17.40
0.27,2.40,8.88
0.31,2.80,9.09
2.32,1.60,0.69
0.16,7.30,44.51
0.43,0.60,1.38
0.58,1.20,2.07
0.34,2.40,7.16
0.32,6.50,20.59
0.23,14.00,60.45
2.26,2.90,1.28
0.24,1.20,5.05
0.36,1.10,3.06
0.06,9.10,141.57
0.24,17.20,72.88
0.49,5.80,11.83
0.16,2.80,17.55
0.16,12.50,77.64
0.37,2.10,5.75
0.11,1.20,11.38
1.28,3.00,2.35
0.24,12.20,50.92
0.23,4.90,21.05
0.79,2.50,3.17
0.25,23.80,95.97
0.24,8.10,34.43
0.27,8.30,30.96
0.18,7.30,39.83
0.14,0.80,5.66
0.13,10.50,83.41
0.86,16.20,18.86
0.22,7.30,33.63
0.48,8.40,17.55
0.15,15.00,96.77
1.34,3.00,2.24
0.22,15.70,70.25
0.07,25.10,380.30
0.43,8.80,20.37
0.85,6.10,7.15
0.35,6.80,19.47
0.22,1.00,4.65
0.34,5.40,15.66
0.22,0.80,3.68
0.13,6.90,51.62
2.15,7.40,3.44
0.20,0.70,3.48
0.22,1.10,5.02
0.07,4.30,62.43
0.07,3.50,50.21
3.27,1.60,0.49
0.15,10.70,71.59
0.18,7.10,40.28
0.07,19.40,279.82
0.06,8.90,144.90
0.10,3.20,31.96
0.23,23.90,105.29
0.09,28.20,320.45
0.37,2.50,6.84
0.13,3.50,26.31
0.18,11.80,65.34
0.19,4.30,22.24
0.11,5.40,48.65
0.12,6.90,60.00
0.45,2.30,5.10
0.12,16.70,143.97
0.26,8.90,34.54
0.15,13.50,89.46
1.67,0.80,0.48
0.28,21.10,74.56
0.18,3.50,19.26
0.06,7.80,124.30
0.44,8.40,19.14
0.35,2.30,6.58
0.26,4.50,17.51
0.12,27.40,232.20
0.24,12.70,53.47
0.24,0.90,3.73
0.35,11.60,32.95
0.33,4.40,13.46
0.51,6.80,13.27
0.49,3.10,6.38
0.24,1.30,5.45
2.91,1.40,0.48
0.26,1.50,5.74
0.37,5.40,14.58
0.15,10.50,71.92
0.30,2.70,9.10
0.15,12.20,78.96
0.07,23.40,339.13
0.22,25.90,117.19
0.10,3.20,31.22
0.44,10.00,22.83
0.14,20.60,152.59
0.07,8.30,117.31
0.30,1.40,4.68
0.11,1.70,15.13
0.15,6.30,41.18
0.25,12.70,50.50
0.12,1.10,9.02
0.16,5.60,35.56
0.16,5.10,30.95
1.42,3.50,2.47
0.25,2.50,9.93
0.42,6.20,14.65
0.67,2.10,3.16
0.31,11.70,37.31
0.08,30.90,367.86
0.23,1.50,6.48
0.11,14.60,138.31
0.14,5.30,38.97
0.14,4.00,27.62
0.12,34.40,286.67
0.67,7.70,11.57
0.79,1.70,2.14
0.10,4.00,39.47
0.27,11.80,43.78
0.21,0.70,3.32
0.20,8.60,43.17
0.17,7.00,42.17
0.11,26.10,233.04
0.14,15.90,112.37
0.15,6.90,47.15
0.22,6.30,28.54
0.28,12.40,43.90
0.15,1.10,7.49
0.23,2.70,11.52
0.13,29.90,223.13
0.17,20.10,117.54
0.14,1.80,12.57
0.08,35.30,452.56
0.20,4.90,24.24
0.96,3.10,3.23
0.32,4.50,13.99
1.21,4.50,3.71
0.21,8.50,39.72
0.28,3.90,13.92
0.48,7.60,15.69
0.53,3.10,5.86
0.69,15.60,22.71
0.22,0.70,3.17
0.22,14.60,65.30
0.08,13.80,168.29
0.17,2.50,14.33
0.34,23.60,69.21
0.22,1.70,7.64
1.94,1.10,0.57
0.26,19.50,76.47
0.21,2.10,10.19
0.23,14.50,62.93
0.24,2.30,9.72
0.31,14.10,44.83
0.30,11.80,39.27
0.19,10.50,54.50
0.25,10.80,42.80
0.13,15.40,117.22
0.14,6.80,46.90
0.40,5.00,12.51
0.60,1.70,2.82
0.80,1.20,1.49
0.22,2.20,9.86
0.12,1.00,8.25
0.15,1.90,12.58
0.19,5.10,26.56
0.10,2.50,24.51
0.50,4.70,9.39
0.20,32.80,167.35
0.23,13.70,59.72
0.14,1.40,9.93
0.24,3.70,15.15
0.94,4.40,4.66
0.13,6.90,52.80
1.40,4.30,3.07
0.12,6.40,52.83
1.84,8.70,4.73
0.14,4.10,28.54
0.27,2.70,9.92
0.14,17.60,124.38
0.26,4.70,18.03
0.24,13.80,56.79
0.38,5.60,14.78
0.21,1.20,5.75
0.31,6.20,20.10
0.25,1.30,5.11
1.52,2.70,1.78
0.40,1.40,3.53
0.15,2.00,13.48
0.39,22.60,58.40
0.10,21.80,218.00
0.21,1.30,6.05
0.51,6.70,13.16
0.49,12.00,24.49
0.11,15.70,137.72
0.86,6.40,7.47
0.77,16.50,21.57
0.24,24.60,102.07
0.31,0.90,2.93
0.20,22.40,113.13
0.37,8.30,22.68
0.11,19.20,181.82
0.37,3.70,10.04
0.14,1.80,13.15
0.35,2.30,6.51
0.48,0.80,1.66
0.09,23.00,265.13
0.08,4.80,56.66
0.16,12.40,76.54
0.09,1.50,17.34
0.25,0.80,3.25
2.97,2.40,0.81
0.10,19.10,182.60
0.25,1.90,7.56
0.10,3.10,30.24
0.49,4.20,8.55
0.07,4.30,60.89
0.05,5.20,108.00
0.37,1.00,2.72
0.13,7.50,55.66
0.18,12.60,69.48
0.22,21.90,100.00
0.38,14.80,39.00
0.23,10.00,42.63
0.15,12.80,84.17
0.19,2.60,13.67
0.56,13.70,24.29
0.29,8.30,28.91
0.28,14.50,52.54
0.49,6.80,13.82
0.18,8.00,44.57
1.44,2.90,2.01
0.15,6.50,42.81
0.13,11.60,90.06
0.16,7.50,46.68
0.23,12.80,55.17
0.26,1.50,5.73
0.20,10.10,50.75
0.08,17.40,226.33
0.23,1.10,4.75
0.42,5.40,12.77
0.35,17.00,48.43
0.13,14.30,107.52
0.10,24.10,253.68
0.14,3.40,25.14
1.04,3.10,2.97
0.13,8.70,65.09
0.22,14.30,63.78
1.86,2.60,1.40
0.23,1.10,4.70
0.38,6.60,17.33
0.36,1.00,2.80
0.47,3.20,6.79
0.68,1.70,2.51
0.20,7.10,34.80
0.17,11.10,63.55
0.18,6.90,38.98
0.20,1.00,4.96
0.41,10.50,25.36
0.23,1.10,4.84
0.98,2.70,2.77
0.63,12.80,20.41
0.23,1.20,5.19
0.16,1.70,10.41
0.32,1.50,4.68
0.23,2.90,12.39
0.20,16.20,79.61
0.16,13.60,82.93
0.11,26.20,242.59
0.18,1.50,8.26
0.59,2.00,3.42
0.14,6.90,48.82
0.19,6.50,33.48
0.13,7.90,60.54
0.17,18.30,105.78
0.32,12.70,40.32
0.12,10.60,89.08
0.11,14.90,132.13
0.14,1.40,9.82
0.21,13.70,64.93
0.26,0.80,3.12
1.66,1.00,0.60
2.70,1.40,0.52
0.17,13.30,76.22
0.18,18.50,104.52
0.23,15.40,65.81
0.19,1.50,7.84
0.26,0.40,1.52
0.10,18.80,181.82
0.21,12.30,59.96
0.42,9.20,21.87
0.11,19.00,176.91
0.13,6.90,54.19
0.33,1.40,4.30
0.36,7.60,21.03
0.55,1.50,2.75
0.34,1.20,3.53
0.10,13.30,136.09
0.23,7.20,31.78
0.16,3.40,20.73
0.18,14.60,82.25
0.32,7.60,23.55
0.23,14.60,64.09
0.45,6.70,15.02
0.13,2.40,17.80
0.11,21.30,191.03
0.60,6.80,11.25
1.73,2.80,1.62
0.13,6.90,51.37
0.17,2.00,12.02
0.28,9.60,34.53
0.17,21.60,128.57
0.14,8.70,63.35
0.24,4.60,18.92
0.42,3.70,8.71
0.32,3.90,12.02
0.12,12.50,101.85
0.13,7.90,63.03
0.11,7.40,66.27
0.13,7.70,57.89
0.11,8.20,71.77
0.33,1.80,5.46
0.13,5.40,40.45
0.12,7.60,61.29
2.25,1.30,0.58
0.27,11.80,43.45
0.29,9.70,33.76
0.12,5.70,46.72
0.15,12.60,83.17
0.30,2.40,7.99
0.11,15.50,137.78
0.06,4.10,63.66
0.30,3.20,10.63
0.20,9.00,44.87
0.30,12.50,41.92
0.53,3.40,6.47
0.14,5.80,40.80
0.13,6.60,51.26
0.17,25.60,155.15
0.23,3.20,13.70
3.57,5.60,1.57
0.20,1.00,5.00
0.22,13.70,61.32
0.06,9.90,154.69
0.06,1.40,21.62
0.25,2.60,10.36
0.11,36.90,344.86
0.29,1.90,6.49
0.22,1.60,7.21
0.41,1.70,4.18
0.56,4.30,7.63
0.88,4.00,4.55
0.84,6.80,8.12
1.51,3.80,2.51
0.19,7.60,39.93
0.15,10.70,71.21
0.16,17.30,110.05
0.11,18.50,161.11
0.57,1.30,2.29
0.11,21.60,196.36
0.49,9.60,19.40
0.20,9.90,49.00
0.25,4.80,19.00
0.44,9.40,21.39
0.28,4.20,14.96
0.05,15.40,334.78
0.30,2.20,7.43
0.31,15.20,48.87
0.29,2.70,9.32
0.27,1.00,3.75
0.22,1.00,4.54
1.48,7.50,5.07
0.40,1.60,4.04
0.55,1.10,2.01
0.41,17.80,43.10
0.17,14.20,84.44
0.52,14.50,28.05
0.10,21.00,218.75
0.25,0.70,2.78
0.25,7.00,27.58
0.14,9.50,67.38
0.50,5.00,9.94
0.29,8.10,28.22
0.21,12.60,60.67
0.77,1.00,1.30
0.31,12.60,40.75
0.14,13.10,93.15
0.23,6.10,27.01
0.15,5.90,40.41
0.12,2.80,24.14
0.15,9.40,62.77
0.11,8.20,74.89
0.18,6.50,36.86
0.18,1.90,10.29
0.05,1.80,36.36
1.08,7.30,6.73
0.46,5.10,11.05
0.22,15.60,70.08
0.08,12.50,148.81
0.07,8.40,112.75
0.26,4.10,15.83
0.18,9.70,53.22
0.27,9.00,33.41
0.10,10.60,104.08
0.20,9.60,48.00
0.33,2.40,7.27
0.79,3.10,3.92
0.19,1.90,9.76
0.09,24.70,285.88
0.11,3.50,33.12
0.51,3.80,7.40
0.13,2.30,17.56
0.11,1.30,11.45
0.09,13.20,148.31
0.10,13.70,139.80
0.21,3.10,14.69
0.32,2.80,8.71
0.12,15.80,127.03
0.11,12.60,111.69
0.20,0.80,3.95
0.30,10.40,34.31
0.18,10.80,61.45
1.82,2.40,1.32
0.08,21.90,263.47
0.08,24.80,298.80
0.11,17.60,158.27
0.89,3.00,3.35
0.07,8.30,118.18
0.78,4.60,5.87
0.13,3.80,28.60
0.20,9.50,48.39
0.13,3.30,25.77
1.85,5.00,2.71
0.06,13.30,228.48
2.56,0.30,0.12
0.20,2.40,11.95
0.06,11.30,201.18
0.09,2.10,22.36
0.11,1.30,12.18
0.32,15.90,50.24
